publish_date,headline_text
20080922,pakistani troops fire on intruding us choppers
20081208,twilight director not returning for sequel
20081104,ashley cooper out to bury world cup demons
20080620,tcc court hearing
20081026,family pets rescued from seddon blaze
20080419,us climate talks split on 2050 goals
20080909,goulburn murray athletes begin paralympic
20080624,snow forces nz school closures
20081019,obama raises record 217m in one month
20080414,nelson stands firm amid mutiny rumours
20080122,renshaw claims first tour down under stage
20080723,afghanistan may be tougher job than iraq obama
20081112,haase up beat about shadow ministry appointment
20080310,overtime is hurting quality of life trades hall
20080530,watch doris pilkington garimara talk about her
20080205,federal govt urged to detail water plan intentions
20080528,armed gunmen rob perth restaurant
20080314,rowdy protest over gunns pulp mill
20080124,first stages of clean up to begin in emerald
20080403,tas aquaculture industry blows its own trumpeter
20080314,demoralised doctors leaving nsw hospitals
20080801,osama bin laden doco headlines biff
20080221,mardi gras devils to march for research funds
20080714,cmc hearing into former det boss flavell begins
20080305,pesticides may be hidden danger
20080113,qld police book 120 drivers in weekend road blitz
20081216,renters brace for pain as housing construction
20080909,kath proudfoot has continued australias field
20080924,rain boosts upper hunter farmers prospects
20080610,hollywood stars back fight to save tiger
20081113,japanese pm under fire for familys pow labour
20080317,male drivers more easily distracted nrma
20080807,easy comparisons
20080910,us ambassador in albany for warships visit
20080522,500 hectares targeted in south coast burn off
20080422,debate continues over bus interchange site
20081117,melbourne cup blamed for blood shortage
20080127,black hawks swoop in on flood aid mission
20080624,coorparoo woman missing since friday
20080319,paramedics plead for caution on qld roads over
20080920,top islamist militant killed in shoot out
20080702,philippines to refloat sunken ferry
20080307,waratahs come from behind to pip brumbies
20080403,company rejects transporting lead in solid form
20080117,neitz to remain demons captain
20080930,government abandons joint sittings
20080704,swan denies restrictive approach toward chinese
20080320,rudd defends china trip
20080704,funeral ban as murder accused gets bail
20081127,gladstone health consistent with rest of qld govt
20080519,bzzzzt 555am and its time to check the weather
20081006,court decision reserved on pollution case
20080313,aussies outspend americans on plastic surgery
20081115,police believe man found in car was murdered
20080613,cubas robles breaks hurdles record
20081105,simpson quits as roos skipper
20081110,seselja unveils shadow ministry
20081129,flight recorders from fatal air new zealand crash
20080801,rsl clubs fight to stay alive
20080514,100 arrested in north coast police operation
20080128,man released after questioning over vineyard
20080123,man hurt in post office break in
20080129,economy trend pointing down nab
20080103,locals angry over fraser evacuation
20080104,riot police deployed for burma independence day
20080328,residents air wind farm traffic concerns
20080602,queensland cannabis grower charged
20080915,greens push for greener government
20081001,search continues for suspected croc victim
20080414,book accuses kosovo fighters of trafficking serb
20080825,investigators probe nt rodeo helicopter crash
20080824,enkhbat wins boxing bantamweight gold
20081023,nsw tobacco laws slammed
20080506,roadshow offers liquor law overview
20080822,businessman gets suspended sentence for firing gun
20080220,e timor military pulls out of rebel man hunt
20080714,police stand by injured pope patrol officer
20081106,obama prepares for presidency
20080825,games end in spectacular style
20080819,latest from beijing with lisa millar
20080415,uganda school fire kills 19 mostly children
20081217,eduardo makes successful return to action
20080325,eurododalla council to run brou tip
20080326,asic and asx defend company market rules
20080926,terrorism suspects arrested at german airport
20080417,union threatens more teacher strikes in nt
20080205,smith unhappy with taiwan un referendum
20080219,australia recognises kosovos sovereignty
20081224,victorian fisheries going well
20080627,man shot dead in melbourne
20081115,g20 leaders convene for financial crisis talks
20080107,fall girl stable
20081104,hampden bridge may be be spared from demolition
20080528,medibank head wont predict drop out numbers
20080710,holocaust a vital part of curriculum nsw minister
20081224,change the laws for maritime rescue costs
20080416,perth to get observation wheel
20080623,living costs up under carbon trading
20081023,washington calls finance summit as us stocks plunge
20080120,sea shepherd vows more attacks on japanese whalers
20080104,nab announces rate increase
20080107,nsw govt extends natural disaster zone
20081223,real presents new signing diarra
20081108,financial crisis puts planned office block on hold
20080827,sculptor scott eames talks about rejection of his
20080225,broken hill to rally against power sell off
20081003,no evidence of potential hiv epidemic health dept
20081105,new broadband scheme promises north coast benefits
20080610,police hunt wagga supermarket bandits
20080608,seven dead in tokyo stabbing rampage
20080420,chequered flag nears for targa competitors
20080901,prosecution seeking life for cbd shooter
20080428,breast surgery cuts raise opposition ire
20081225,opposition welcomes tas govt lifeline for acl
20080911,unemployment drop may curb rate cuts experts
20080828,whan unfazed by poll revealing seat threat
20080826,dairy farmers shareholders to vote on national
20081031,mum baby die in bruce hwy crash
20080930,police remember fallen colleagues
20081029,rees under fire over minister abuse allegations
20080521,sa acting premier kevin foley on what the state
20080618,rio to fight cazaly claim
20081006,dogs take cordy on father son rule
20081103,black balloon underbelly claim soundtrack honours
20080714,rochford appeared shaken before suicide prison
20080731,beaconsfield mine quiet on day of rockfall
20080110,climate change affecting power suppliers regulator
20081007,big crowd farewells surfing pioneer troy
20081007,the great desert caper
20081118,psa urges detention centre closure rethink
20080418,cutting back on plastic bags
20081108,palm is mayor extends olive branch to bligh
20080808,diplomats murder adds to saudi development concerns
20081121,sex offender jailed two decades on
20081118,russia georgia combatants broke laws amnesty
20081112,motorcycle death increase prompts new laws
20081223,car injures teen cyclist in towradgi
20081222,hawks renouf banned fined for jumping on cars
20080118,india on top in perth
20080806,conservationists celebrate gorilla discovery
20081028,public opinion sought on new cancer network
20080919,three men charged with attempting to smuggle
20080323,ogilvy still leads as play suspended
20080925,police officer charged over child porn
20080207,france make six changes to play ireland
20080103,writers to picket golden globes
20081123,vic escapes bad storm damage
20081213,rate cuts easing mortgage stress hia
20080319,car crash closes southern tas road
20081128,thai protest leaders call for fight to the death
20081219,alcohol restrictions planned for cherbourg
20080811,mp backs arbitration for election seat disputes
20081115,kangaroos hunting perfection price
20080806,boy missing from boat at port
20080809,cowboys bulldogs look to fight off wooden spoon
20081031,deadline for foi inquiry submissions extended
20080415,iag rejects qbe merger proposal
20081217,grateful cousins ready to take next step
20080823,georgia says russian pullout not over
20081006,some jetstar flights delayed for another day
20081001,the principal of winthrop baptist college has
20080525,catholic youth day wont see apec style fences
20080529,push for higher electricity prices
20080105,obama confident as us presidential campaign rolls
20080603,ex cop admits stealing drugs
20080307,sydney artists self portrait wins archibald
20080321,female motorist injured as car hits horse
20081010,aust markets follow wall st plunge
20080815,housing affordability still at 24 year low hia
20080222,ppp meet to decide next pm for pakistan
20081210,no cover up on hospital deaths della bosca
20080102,top baby names in 2007
20081015,theophanous shocked by rape accusation
20080106,mr christmas carries on celebrating
20081005,six goal barcelona demolish sorry atletico
20081227,chinese destroyers head to fight somali pirates
20080319,us judge reserves patel bail decision
20080130,lack of evidence in harbhajan case says
20080817,dementieva wins womens tennis in beijing
20080228,tigers preparation second to none scott
20080502,toddler disappearance declared major crime
20080102,police arrest man over adelaide brawl
20081031,teens on assault charges
20080730,grave fears for young mums safety
20080714,online property scams
20080409,rex talks up special needs effort
20081028,stolen police car set alight
20080706,nestor zimonjic clinch mens doubles crown
20080117,gippsland public to get fire inquiry say
20080806,four abused crew can leave ship union
20080423,rudd rules out gst rise
20080210,flames punish lowly lynx
20080116,link road funding to farm productivity says mp
20080117,police continue hunt for pair after shooting
20080129,qld oks statewide taser trial
20080326,jury discharged in huxley bashing trial
20080909,dollar slumps as aust market slips
20081001,kayaker lucky to be alive police
20081102,deans praises hong kong experiment
20081003,going heywire at berry springs
20080501,anti youth crime laws under attack
20081216,seven arrested as gunns mill protest ends
20080410,wiggins hoping to reach record fourth olympics
20081218,indigenous health linked to climate change fight
20080624,nsw flags mentally ill criminal release panel
20080506,new defence project to boost regional qld
20081013,us election campaign costs 1 billion so far
20080408,murder prompts police complaints review
20080316,22 students burned alive in iran bus fire reports
20080229,prince harry recalled from afghanistan ministry
20081120,ninnis excited about 36ers import
20080524,british taxpayers paid thousands for blairs kitchen
20080601,nsw firefighters deserve pay assurance oppn
20080901,driver dies in princes hwy crash
20080227,benbrika religious but not a terrorist court told
20080216,concerns raised over defence it security
20081025,clark to check elbow progress
20080201,storms play havoc with rail services
20081026,f3 sections closed for contraflow upgrades
20080719,bush discusses time horizon for iraq withdrawal
20080522,alan cadd from motormouth talks to ali moore about
20080709,japan on board for rudds nuclear battle
20081112,kanck pushes for copper coast council probe
20081114,vidmar inducted into hall of fame
20080520,shires share in crime prevention funds
20081208,japan suspends irish pork imports
20081212,madonna a stain on humanity pinochets cardinal
20081209,old morwell police station to be sold
20081125,opposition questions smelter exemption pledge
20081215,unsafe toys pulled from qld shelves
20080408,naomi campbell banned from british airways reports
20080502,honours shared in city country clash
20080429,vampire accused flattered by teenage attention
20080714,ki forestry prompts water vegetation worries
20080403,pulp mill independent site supervisor rob joy
20080919,81yo bashed in home invasion
20081022,website to help parents compare childcare services
20080128,sehwag gone draw edges nearer
20080720,zimbabwe introduces 100 billion note
20080404,campbell released on bail
20080923,foley withdraws racist gibe
20081230,dengue fever outbreak linked to overseas tourist
20080110,aust can ride out us recession mac bank economist
20080220,nuclear energy expensive kennedy
20080327,irrigators criticise murray darling deal
20081122,nebraska tightens child abandonment laws
20081220,madoff agrees to extension of asset freeze
20080729,woman arrested over shepparton stabbing
20080601,brough tackles merger talks
20080404,big brother signs for bruce highway
20080612,business chiefs urged to agree on infrastructure
20080918,calls for cash rewards for whistleblowers
20081129,thai protesters face off against police
20081124,council asked to approve tamworth poultry plan
20080707,macklin must reveal plans for town camps mayor
20080411,nsw govt defends ambo support
20080527,mayor keen to catch dangerous nanango dog
20080307,eight kilos of cannabis intercepted
20081101,obrien chuffed with favourable cup draw
20081117,st george irrigators shun govt buyback
20080623,households may be worse off with carbon trading
20080826,victims flee scene of nightcliff car crash
20080321,poor start to tasmanian easter road toll
20080710,groups fight to save murray canoe marathon
20080630,rudd swan talk up tax cuts
20081007,australia construction sector slumps
20080516,sharks have surf competition organisers worried
20081213,boucher latest injury drama for proteas
20080719,pilgrim flu outbreak spreads
20080118,nsw prosecutor released after six months jail
20080825,healthy food a luxury item in aboriginal
20080923,push on for national road safety hotline
20081214,physio says clarks elbow a long term concern
20081002,no more adjournments in fatal car crash case
20080326,increasing concern for missing bushwalker
20080414,investigation begins into boat sinking
20081204,kiwi wilkinson holds clubhouse lead
20080403,academic casts doubt over mulesing target
20080811,dollar remains at 7 month low
20080528,community helps crack drug supply operations
20080825,wheat carrier towed after month long stranding
20080417,small shark bites gold coast man
20080218,mp says murwillumbah residents fed up with crime
20080427,car making skills put to test
20080511,qld libs president dismisses federal permission
20080907,calls for changes to act prostitution act
20080223,turkey launches land offensive into northern iraq
20080918,us teen docks in darwin on world record attempt
20080914,britons stranded as another tour operator fails
20080609,first laos film since 1975 released
20080516,not my fault said fatal crash accused
20080630,the alfreds trauma centre director assoc professor
20080328,fines for smoking in cars with kids begin
20080620,sugar mill closed indefinitely after explosion
20080604,boat goes up in flames
20081001,peter white of the farmers federation talks to
20081122,aubry wins france oppn leadership
20080128,foreign workers wont replace triton crew owners
20081128,police hunt cannabis crop growers
20080914,mcintosh snares golden double
20080314,crashes and tomahawk wielding man keep police busy
20080323,rabbit fish saving australias reefs
20080122,asian markets tumble on opening
20080316,tigers all over dragons
20080222,rudd defends absence from parliament
20081031,illawarra drive saved
20081024,history of the australian plague locust
20080609,aussie volleyballers miss beijing ticket
20080228,accused refused bail in lenards case
20080722,the public transport authoritys footage of
20080909,barnett hold talks with bowler
20080814,no water guarantee for green lake
20081217,man to face court over alleged rape
20081203,come clean on merger union tells qantas
20081012,two teens killed in horror smash
20080202,crusaders down the force
20080615,qld water commission a huge pr stunt oppn
20080524,clinton raises eyebrows with kennedy assassination
20080613,afl preview round 12
20080128,atkinson third in monte carlo
20081105,obama claims us presidency
20080511,hezbollah withdraws troops from beirut
20080331,drought aid seen as too hard to get
20080416,macquarie fields facelift tenants to be moved
20080708,allco to sell singapore real estate
20080416,woman injured in multi car crash
20080624,japanese 77yo says killed entire family reports
20080919,gelato factory to boost molong jobs
20081208,athletics interview kerryn mccann
20080808,abc 702 host adam spencer talks to alana shiel
20080301,interview ricky ponting
20080706,athlete profile kristian sarkies
20080815,federer williams sisters stay in medal hunt
20080916,liberals elect turnbull as leader
20080613,carpenter expresses alinta concerns
20080503,chileans evacuated as volcano erupts
20080511,indian forces kill 11 militants in north east
20080818,new eco sciences precinct to focus on climate
20081119,lost in space astronaut drops tool bag
20080811,relaxed rice eases into 200m im semis
20080607,dibaba sets new 5000m mark
20080219,extended interview of simon corbell speaking with
20080721,pope leaves sydney
20080128,gazans head home as egypt blocks supplies
20080815,mutu ordered to pay millions to chelsea
20080319,costly soccer league bid
20080426,sri lanka fears more bombings as bus toll hits 26
20081228,clash of civilisations scholar dies
20081015,henson on board for puppet murder mystery
20080617,goorjian encouraged by boomers iran win
20080322,us ups pressure on china over tibet
20080703,colombian hostages rescued
20080304,families already facing hardship wacoss
20081203,industrial reforms worry meatworks boss
20080904,health bureaucrat contributed to hospital death
20080324,locals dominate whyalla snapper comp
20080701,time runs out for brisbane bullets
20080704,more pay for legal big wigs
20080430,the ahcs mick mundine talks with the abcs michael
20081107,scotland looks for back to back world cup wins
20080415,ratepayers group up beat about anti violence
20080630,jalalaty refused bail in sydney drug case
20080704,cheap booze adverts encouraging binge drinking
20080905,moore to release documentary free on web
20080303,inquiry hears victorian government bypassed
20080313,road kill takes toll on devil population
20080813,kookaburras obliterate south africa
20080910,a government taskforce will soon announce its
20080401,govt begins housing affordability investigation
20080805,nationals want prescribed burning costs detailed
20080331,high tech crime fight lacks resources say experts
20080909,call for premier to take on drought
20080128,corruption case against suharto will continue
20080425,thousands vie to be hiltons new bff
20080316,closer am
20080707,press conference retiring tasmanian greens leader
20080420,cnn anchor in nyc drug bust
20081009,concerns mount over batlow hospital staffing
20080620,aust takes heavyweight title
20080513,solar centre construction begins
20080909,report reveals flood bypass costs
20080424,us to release syria nuke details soon
20081213,brisbane protesters rally against web filter plans
20080328,dont cut carer payments archbishop tells govt
20080625,govt unveils early intervention payments for
20080812,aust dollar continues its plunge
20080825,liberals pledge 50m on kalgoorlie hospital revamp
20080215,former public servant sues sa govt
20080510,british pm taking tips from blair says cherie
20080430,ere likely to join bullets exodus
20080601,closer am
20080808,highlights monday august 11
20080805,18 foreign terrorists arrested after china attack
20080726,franchise to back pay staff 250k
20081003,nanodiamonds used to treat cancer
20080214,gippsland farmers air fruit fly spread fears
20080804,qantas boss geoff dixon talks about the airlines
20081112,ama warns health system at breaking point
20080127,afghanistan rules out uks ashdown as un envoy
20080531,nsw to spend 46b on maternity services
20080118,teens charged over bus assault
20080819,minister urged to green light scone water plan
20080813,katherine nuclear dump fears
20080824,olympians should be proud says rudd
20080716,pope moves to sydney centre
20080904,3 killed in bruce highway crash
20080502,nsw company to conduct qld geothermal exploration
20080729,pyne backs nelson to next election
20081124,former mp denies sex with children
20080228,pine gap protester told to stay out of alice
20080812,nadal sends hewitt crashing in beijing
20080108,first cut francos tearful reaction
20080608,dyscalculia more common than dyslexia study
20080223,v8 driver fighting for life after crash
20081124,speech therapist shortage impacts canberra children
20080526,illegal fishermen briefed on fishing boundaries
20080519,genetic hope for an end to mulesing
20081023,students still being counselled over classmates
20080324,fatah hamas reconvene unity talks
20080627,gruesome evidence of zimbabwe violence emerges
20080912,texans told to flee or face certain death as ike
20081015,pepsi job losses wont hit australia
20081126,dr bernhard moeller told pms samantha donovan it
20080530,corby channel seven reach settlement
20080317,missing 74 year old scarborough woman found at
20080225,rye murder man charged
20080227,dredging muddies waters opponents
20080211,heyward hearing moved to adelaide
20080801,aust to support indian nuclear technology deal
20080623,opposition highlights bendigo youth binge drinking
20080909,graffiti taskforce nets serial offender
20080312,skydiving inquest told student training inadequate
20080808,liberals avoid lyne by election
20080406,patel likely to flee us judge
20080202,us hills hoist fans fight for the right to dry
20081002,female teacher jailed for sex with child
20080213,spence plays down mps noosa crime claims
20081031,man pleads guilty to batchelor stabbing death
20081203,nuclear biological attack likely us commission
20080729,opposition calls for superleague style nrl overhaul
20081225,pope issues christmas plea for end to child abuse
20080203,backyard bashing victim dies in hospital
20081224,police minister fast tracks report on taser trial
20080212,national parts closes
20081021,shifting priorities putting squeeze on afghanistan
20081126,group finds evidence of wind spreading gm canola
20080804,uk teen killed in sand tunnel collapse
20080123,dilston residents angry over bypass plans
20080111,ex figure skating champ found dead in la motel
20081026,ravens pass stuns curlin in breeders cup classic
20080512,qld govt seeking balance on cape york mine decision
20080515,sterjovski keen to train with verbeek
20080710,speeders caught near crash death scene
20080513,teen bashing victim mourned
20080329,two arrested after burglary police chase
20080622,final combat troops arrive home from iraq
20080923,goulburn murray gets solid rainfall
20080501,they said it
20080206,police believe missing boys made it to safety
20080307,aussies will need id card to live in uk
20080219,centro shares plunge 17pc
20080518,diplomats tour cyclone ravaged burma
20080208,bluetongue to build new brewery
20080430,hire business blaze not considered suspicious
20080605,they said it kiribati
20080831,abbott urges costello to stick around
20080213,indecency fines for nypd blue scene appealed
20080513,students face standardised testing
20081211,groves denies abc learning centres unviable
20080305,vline defends bag checking policy
20080221,court issues jail term for attempted police
20081010,virtual reality becomes real crime
20080421,concern about teacher numbers
20080808,few candidates nominate for council elections
20081024,sunshine coast mayor defends festival
20081006,costa urges irrigators to pay water charges
20080122,grain growers reject call to delay overhauling
20080826,munnings search wound down
20080422,era look to extend kakadu mine
20080921,man dies after one punch attack
20081126,driver gets suspended jail term for hitting toddler
20080330,ramos hortas health improving
20080612,vukovic to appeal fifa ban
20080117,shire fears restricted sports centre use
20081026,migrant flow can be cut says evans
20080323,charges to be laid over lindsay pamphlet scandal
20081019,wickets tumble at waca
20081105,market closes higher after strong local gains
20080822,sa premier mike rann says brendan nelson is
20080213,high wool prices at launceston sales but not as
20080113,student unionism on brink of extinction
20080910,opec production cut boosts oil prices
20081106,no evidence rivkin offered wood money
20080626,dellacqua through to third round of wimbledon
20080122,us lenders cut deals to avoid foreclosure crisis
20080910,haiti assesses damage as ike aims for texas
20080615,aussie troops due home from iraq
20080528,motorists in tunnel crash could face charges
20080508,formal china dalai lama talks imminent
20081122,gerrard pledges to finish career at liverpool
20080117,fbec
20080405,us air strike kills 3 in basra reports
20080730,chemical scare at morwell pool
20080617,saudis playing high stakes game ahead of oil summit
20080124,minister to investigate irrigation allocation
20080828,two year old girl perished in house fire
20081221,nielsen looking for early impetus
20080607,france can live without injured vieira makelele
20081211,landcorp continues pilbara permanent community push
20080711,territory housing market hits snags
20080507,adventure race to call albany home for three years
20080417,former olympian rugby player in drug bust
20080319,drought takes toll on orange production
20081009,qld police call off trapping crocs in search for
20081225,one dead in vic plane crash
20080622,southee sets up odi win for black caps
20080122,india launch probe into match fixing allegations
20080628,spain look to conquer inner demons in euro final
20081117,resale royalty scheme disappoints art industry
20080909,mine manager makes risk admission
20080501,bickering claimed to have hampered abuse probe
20080919,edinburgh to honour rowling
20081011,vic corruption fight will get harder policing
20080920,man charged with arson over eatons hill blaze
20081030,nt govt records 211 million surplus
20080630,criticism over housing advisory board
20081013,kidmans head like flatscreen tv osbourne
20080805,collingwood ceo gary pert fields questions about
20081220,sydney fc women undone by gill brace
20081001,all eyes on china as market turmoil hits
20081112,birds of different feathers flee together
20080522,praise for sa youth offending plan
20080505,budget boost to improve cancer survival rates
20080112,crews battle threatening bushfires
20080802,clear skies in beijing ahead of games
20081127,plane doing stunts before fatal crash
20080106,tigers crush south aus in twenty20
20080421,entries flood in for finke desert race
20081127,progress made in mental health centre work
20081002,poseidon nickel delays operations
20081015,officials meet to try to stem spate of suicides in
20080106,nsw flood waters receding
20080627,2yyy licence to be split between operators
20081202,dockers recruit chooses footy over basketball
20081018,emissions scheme will stimulate economy garnaut
20080115,asotasi rapped over the knuckles
20080318,naughty british teens to be hit with court orders
20081219,cyclone billy brewing to category 2
20080222,healthy paradise dam has traveston ramifications
20080212,forget black armbands this is about healing
20080319,cue gets water park funds
20080527,80pc profit lift for abb grain
20080127,kremlin critic ejected from presidential poll
20080119,ba captain pays tribute to crew
20080920,former orphanage wards denied abuse counselling
20081003,services industry contraction continues
20080829,no red herring police recover stolen tuna
20080616,indigenous healing fund proposal earns committee
20081019,sadr supporters rally against us presence
20081103,oscar trophy trend exposed
20080203,man found unconscious in kalgoorlie carpark
20080704,pakistan court lifts akhtar ban
20081023,controversy surrounds darwin life support case
20080707,cats thumping a reality check van berlo
20080917,fed govt urged to deliver keith hospital funds
20081231,gundagai students may help during emergencies
20081109,wenger fires title warning
20080819,argentina pulls off madison shock
20080818,police interview lennon
20080423,young people slandered by media panic
20081110,tour operators urged to consider self drive
20081027,no breakthrough from treasury investment industry
20080320,boy tells court it was fun to torture classmate
20080111,alcohol stolen from wimmera sports club
20080506,report reccomends no icu for mersey
20080427,kokoda track being loved to death
20080331,poll shows premier paul lennons approval rating
20080123,un security council outlines iran nuclear sanctions
20081004,body found below coogee cliffs
20080301,malaysian police bust international drug syndicate
20080830,putin in fresh attack on us over georgia
20081006,shootings arrests mar brazilian local elections
20081002,poseidon nickel delays operations
20080729,thailand undecided on troop withdrawal from
20081012,body found in river derwent
20081029,economic squeeze hits riverland orange
20080208,shire criticises plan to stop fast train at bunbury
20081021,govt moves to rebuild grain freight network
20080912,back end broncos boast premiership potential
20080304,expert casts doubt on diggers use of kokoda track
20081223,river signs point the way to safe swimming
20080702,visy seeks credits under emissions trading scheme
20080213,women risk assault with clothing choice mp
20080316,darwin campaigns to lure sir elton down under
20080912,joy of sex bible is back
20080324,domestic violence property crimes up over weekend
20080117,cfs sends water bomber to wa
20080305,labor cleans up seasprite mess
20081129,australia cruises towards black caps total
20080226,aristocrat blames strong dollar regulation for
20081225,guinea coup leader claims to be new president
20080808,aussie boss takes parting shot at big banks
20081006,police praise moto gp spectators
20080428,taxi security cameras cutting in car crime
20080426,alleged heroin importer faces court
20080709,mp wants schools to get truancy officers
20081217,maxwell to captain magpies
20080628,england eying world cup after french thrashing
20080405,diamonds claim third straight hockey title
20081121,family sues smallgoods company over death
20081012,nthn mayors take on pulp mill legal advice
20080726,mottram trials mile ahead of beijing
20081113,qld police get bravery honours for overseas service
20080610,community tv station seeks 5m emergency funding
20080520,taiwans ma takes oath as president
20080526,group to fight harbour development
20080302,matildas too strong for nz
20080107,no need for harsh water restrictions govt
20080826,primary school bans cartwheels handstands
20080125,music festival detours rescue chopper
20080908,georgia accuses russia of strengthening checkpoints
20080812,abc sport
20080904,tougher bikie laws begin
20081013,gold coast afl team confident in business plan
20080805,injury forces ports wilson to quit
20080718,schwarzer targets 2010 world cup
20081028,ama supports chemo drug review
20080615,socceroos edge closer to world cup berth
20080519,china govt cracks down on shirkers
20080704,court challenge for wyd nuisance powers
20080104,low pressure system moves south
20080109,cars future is electronic and green gm chief
20080724,man freed from bus crash wreck
20080328,first cut pm talks about global economy defends
20080204,schwarzeneggers wife backs obama
20080331,al qaeda training western looking fighters cia
20080823,thorkildsen defends javelin title bannister sixth
20080505,icac council probe sparks labor restructure
20080213,campaigner calls for practical steps towards
20080814,landlords fined over no smoke alarm
20080205,flood warning issued for sunshine coast rivers
20081204,flamingo attack accused off to nsw
20080714,anticipation builds ahead of wyd
20081023,bungles caused aust soldier death in iraq
20081031,mundine lashes out at indigenous love fest
20081102,man dies in goldfields rollover
20081102,diamonds aiming to level series
20081106,obamas victory inspirational rice
20080825,19 injured in mexican bull run
20081113,relieved symonds eager to wear baggy green again
20080923,act govt unveils health plan
20080211,coroner questions baby staying with drug mum
20080227,e timor seizes weapons in rebel hunt
20080714,former bullet heads to dragons
20080115,mona lisas true identity revealed
20080818,bolt strolls through 200m qualifier
20081012,bashing victim describes casino attack
20080704,paedophile chased out of qld town
20081208,athletics interview kerryn mccann
20080924,law society succeeds in court health service push
20080109,woman suspected of murdering husband two others
20081219,all nsw infrastructure projects make federal cut
20080316,man charged over hit and run
20080816,jacqueline lawrence celebrates with her family
20081121,21yo faces court over bike path rape
20080422,wallace urges sledging crackdown
20080219,no prospects for mineral sands on flinders
20080521,our sun a bit ho hum researchers
20080706,paralympic records tumble in sydney
20080827,tharwa bridge opens to light traffic
20080814,stockland profits struck by property market woes
20080721,smith to host rice perth visit
20080428,inter nearing italian title
20080609,sa opposition mlc michelle lensink on
20080601,mcardle confident of merger by july
20080629,govt has failed to deliver on whaling oppn
20080624,man wanted for attempted child abduction
20080923,shire positive about youth retention scheme
20080902,farm group seeks ec clarification
20080725,dickson prepared to quit over merger delay
20080317,lutfi agrees to stay away from spears
20081220,police nab street racers on nsw north coast
20080211,port says end of rail freight operations wont
20081217,early payments not a christmas bonus centrelink
20081001,jacobs wants wellington dam desalination
20080120,yearling sale prices up on last year
20080331,vince kelly on 1057
20080904,lee freshened up from brief spell
20080909,clp resurrects qld darwin power line plan
20081222,iraq reaches compromise deal on non us troops
20081020,extended interview shane rattenbury speaks with
20081022,special forces troops saddled with 30000 debts
20080221,health housing key to indigenous welfare experts
20081119,psychiatrist undressed me and had sex with me
20081024,tensions boil over in florentine valley
20080309,flying start helps sharks surge to top
20080408,martin day talks about the eight sets of twins
20081009,ton up ponting keeps aussies in contention
20081003,human services minister lin thorp speaks to the
20080808,highly encouraging uranium gas discoveries in
20080209,day lewis slams ledger media circus
20080428,man held over girlfriends murder
20080726,mccain favours nuremberg style trial for bin laden
20081116,ndou loses points decision in world title
20081114,mp ellis turns down 30k photoshoot
20080701,centenary motorway reopened after smash
20080523,buyback water not for sa
20080423,swimming interview alan thompson
20080826,hopes high for rain crops boost
20080918,eight affected during gas emergency
20080605,coroners court told police shooting was justified
20081211,two more boats seized as world mulls anti piracy
20081222,man on charges over fatal stabbing
20080323,socceroos without cahill for china clash
20081117,anderson named eels coach
20080110,push to get palmerston superclinic running by end
20080414,world bank warning on food price impact
20081102,only australia looking to win clarke
20080704,bush criticised over beijing decision
20080923,we can win next election turnbull tells mps
20081212,firefighters praise quick response to refinery fire
20081114,prince celebrates 60th
20080411,governor general unveils tom kruse bust
20080124,govt urged to improve rural patients healthcare
20081227,proteas fly in smith back up
20080213,lennon upset by jobs backflip
20080701,crocodile sighting sparks warning
20080220,first cut abetz says gillard took advantage of
20081113,sa premier mike rann is keen for an emissions
20081123,point to pinnacle begins
20080318,sydney promised 125b metro rail line
20080401,military college takes steps to ease training
20081127,pub charity through the roof for flying doctor
20080111,hogg caught up in a storm says moody
20080308,suu kyi meets un envoy official
20081211,scientists let down by govt says hummingbird heart
20080415,no chinese security on torch relay police
20081212,tas afl bid has real capacity to deliver
20080415,teen offenders face army camp
20081021,catholic teachers reject extra days
20080904,indian flood rescue effort enters critical stage
20080707,obama to take on mccain the chicago way
20080310,accused killer xue charged with murder
20081007,nz deal to buy aussie steel firm
20080925,market rallies after rba report
20080723,diesel still too high raa
20080426,book suggests brothers death changed bin laden
20081114,thais wear black in memory of princess
20080829,armidale hosts defence forum
20080529,wayne hanson from the awu criticises the rann
20080527,local govt support seen as vital for national
20080213,worlds fattest man sheds 230 kilos
20080504,gloomy outlook for property growth as rates rise
20081208,govt payments meant for spending mp
20080827,mp wants hume freeway issues tackled
20081122,newton johns boyfriend probably drowned report
20080206,pm reveals stolen generations apology details
20080901,republican conference takes back seat to gustav
20080913,hurricane ike batters texas coast
20081029,wildfire investigation begins
20080122,irrigators slam extra murray flows
20081130,glory canberra share w league draw
20080918,a g stands by terror trial comments
20081029,brisbane council urges residents to grow their own
20081217,australia desperate for sag nominations
20080808,5000 years of history distilled as china shows off
20081202,wwii flying boat arrives in darwin
20080129,tottenham seal woodgate deal
20080715,federal govt dedicates 90m to school trade training
20080415,stolen children used as guinea pigs
20080201,planning panel to hear crowlands wind farm details
20080205,rare map returned to spain
20081126,liberal mitch williams argues the sa govt has
20080121,detention eased for stabber
20080620,calls for ngo funding rethink
20080125,after decades of silence s korea starts unearthing
20080516,hu calls for increased rescue efforts
20080711,sth korean tourist killed by nth korean soldiers
20080620,british teen jailed after father dobs him in
20080103,british police prepare to head to pakistan
20080121,palmerston show their premiership credentials
20081010,new top end suburb under question
20080405,sharp drop in us job rate
20080307,pair charged over violent cape york assault
20080812,refugees flood into southern russia
20080307,blatter seeks life bans in tackle clampdown
20080929,global economic forecast bleak despite us bailout
20080714,new home loan numbers fall again
20080610,murray goulburn looks to cut energy use
20080113,wa mine offers condolences over workers death
20080627,n korea makes nuclear concession
20081215,new moves to win ska for australia
20081029,forest tensions move to parliament
20080626,cousins to train with port melbourne
20080327,all hope gone for missing deckhand police
20080114,jockey injured in track fall
20080423,recall sparks fears of worldwide heparin shortage
20080811,clare group closer to finding airstrip site
20080529,time for merger consideration has passed mcardle
20080107,earthquake sparks panic in indonesia
20080716,rba chief committed to achieving inflation target
20080724,nz church provides fuel for soul and car
20081231,rehab funding promised for new prison
20080330,daylight savings glitch not our fault telstra
20080206,drinkers offered help to quit the smokes
20080128,sturt st western end revamp may start soon
20080604,apache energy assessing cost of explosion at off
20080617,parlt to investigate neals demon baby remarks
20080416,man pleads guilty to taxi hold up
20080409,son charged over parents death
20081204,govt criticised over sex offenders plan
20080729,aust ebay company investigated for fraud
20081015,man escapes serious injury in crash
20080112,greenpeace pursuing japanese whalers
20081111,png govt urged to stop nickel mines pollution
20080304,at least 5 killed in pakistan blast
20080801,hobarts water assured
20080509,early tee time helps elkington in florida
20080917,fears of cancer cluster at brisbane school
20080117,perth man arrested for drug possession in bali
20080722,opposition warns of secret water plan
20080723,pleas changed in bashing death case
20081215,brother finds missing wa man after a week
20080316,export the ute name and all brumby
20080211,tony jones talks to abc reporter anne barker in
20080521,investment boost for central goldfields shire
20080308,thatcher hopeful of hospital release soon
20081117,droughts to become more frequent severe researchers
20081203,frasers 2005 attack on joe tripodi
20080103,man in stable condition after motorbike crash
20080908,profile kurt fearnley
20081204,crocs end breakers winning run
20080728,cowboys wary of thurston poachers
20080916,salley ruled out of acl final
20081020,labor sinks hooks into barramundi turnbull
20080118,benjamin potts discusses his experience on board
20080110,pit bull owners wont face charges over mauling
20080425,thousands expected for goulburn murray anzac
20080914,wa has new conservative government
20081208,100k reward offered in vaughan case
20080821,the paralympic games
20080407,iraqs sadr to disband militia if ordered by clerics
20080111,300 crimes solved with dna in 07
20080608,rudd heads to japan
20080131,raiders to use shock tactic to tackle sexual
20080914,farmers turn out to adelaide show despite fuel
20080620,police probe hermidale fatal road crash
20081223,clothing company director fined
20081004,triple shooting on gold coast
20080917,wa govt urged to reinstate housing scheme
20081024,send astronauts to mars permanently aldrin
20080728,clp announces palmerston hospital plans
20080415,push for independent nsw donations audit
20080307,heat warning as sa scorches
20080314,anderson haul gives england upper hand
20080421,opposition critical of mental health escape
20080309,brisbane to get its own london eye
20081113,japanese pm under fire for familys pow labour
20081107,first veneer shipment for nw mill
20080923,typhoon kills 3 in philippines heads for china
20080227,insurance firms still assessing rocky flash flood
20080428,first cut frankston shooting press conference
20081218,rockin research shows head banging batters brains
20080317,father son catamaran team sail sydney to hobart
20080215,romney endorses mccain
20080305,economy shackled by poor productivity growth swan
20080414,dorazios future to be determined tomorrow
20080608,calls for renewed vigilance around backyard pools
20080825,push on for new nhill truck stop
20081027,harvest storm water committee told
20080904,land council criticises truancy legislation
20081210,white house congress agree on 23b auto bailout plan
20080130,sri lanka too good for pms xi
20080314,lqaq airs ceo exodus concerns
20080327,french plane yacht scraps feed recycling drive
20080519,thailand to deport burmese smuggled in
20080708,breathing easy doctors to monitor athletes in
20080402,john parker of the ses talks about the storms
20080212,labor clp to cease hostilities for sorry business
20080507,hello sailor us navy ship on its way
20080915,identity of accused still secret
20080721,olyroos fall to china in olympics warm up
20081211,short term relief for wide bay abc learning centres
20081108,controversial malaysian blogger freed
20080817,us wins womens eights rowing gold
20080508,holden plant marks half century
20080304,pokies deal needs to be examined hodgman
20081001,premier barnett has been accused of undermining a
20080407,council worried about mineral sands traffic impact
20081024,mortlock tips aussies to end euro heartache
20080208,report reveals reduced price of temporary water
20080827,woman gives birth on adelaide bound flight
20081023,aussies abandon foreign owned banks apra
20080415,accused cusack stalker to stand trial
20080511,hodges out for sea eagles clash
20080922,accc sweeps dodgy websites
20081025,post office robbery suspect charged
20080204,more water flowing into snowy storages
20081005,hawks midfield boss leaves the nest
20080618,police association spokesman paul mullett talks
20080320,katich itching for test second chance
20080228,police hunt armed robbers
20080207,audit questions 35b environment programs spending
20080331,greens plan to block planning changes
20080423,burnie airport sees more passengers
20080909,australia stalling due to innovation neglect
20080521,energy industry unsure about emissions trading
20080301,firefighters hope to contain ne tas blaze
20080804,no anglican agreement on gay issue
20081231,zimbabwe activists kept in prison over alleged
20080312,ama calls for regional health cash
20080918,livni declared winner of kadima election
20081224,murray goulburn aware of milk price cut pain
20080512,nz prisoner escapes using bed sheets
20081230,aust stocks close higher boosted by oil and gold
20080114,new s korea leader ready for summit with north
20081210,abc learning receiver announces 55 centres to close
20080807,goodwill gone teachers plan more strikes
20080218,crows propose drugs policy confidentiality clause
20080908,police association urges numbers boost in cbd
20080901,nelson feels heat over call to cut interest rates
20080126,crocs oust taipans in qld derby
20080202,funding cut threatens canberra film festival
20080920,nigerian militants destroy another shell pipeline
20080109,police officer remanded on rape charges
20080603,sawmill gets nod to move
20081115,man in custody as police investigate roadhouse
20080328,insolvency plea thwarts grape growers legal case
20080610,newman wants north bank risks minimalised
20080826,liberals call for school food programs to combat
20081215,police seize thousands of hoon cars
20081119,4 australians in papuan court over visa breach
20081119,taxi fares going up
20081202,teacher sex charges thrown out
20080625,avo granted against dog attack suspect
20080129,wilderness society supports new water taskforce
20080630,four dead in sudan cargo plane crash
20080524,chemical spill closes gwydir highway residents
20081206,whincup on verge of v8 title
20081120,conroy defends silence on broadband plan
20080903,grocery watch scheme unfair
20080416,rock thrower on good behaviour bond
20080305,tyranny of distance inspires exhibition
20080502,growers group sees problems in labour shortage plan
20081031,pilot survives fiery crash
20080309,tigers in sight of nbl title
20081023,social drought review demands support statement
20080828,schoolgirls charged after knife incident
20080704,jordan peter andre win defamation case
20081107,mayor fears new laws to gag councils
20080525,olyroos into malaysia final
20080821,new smoking laws proposed
20080110,jewellery the latest ethical buying must have
20081023,promising signs for tuqiri ahead of tour
20081230,rann opens new mental health ward
20080308,motor racing fia to take no action against stepney
20080430,fuel reduction burns planned for south grampians
20080711,charlesworth quits indian hockey
20080728,motorcyclist injured in st albans smash
20080811,molybdenum search on near corryong
20080708,thaksin corruption trial begins
20080107,ponting kumble urged to hold peace talks
20081108,nsw home buyers to receive 3k boost
20080123,mp wants docs probe to visit tweed
20080826,two sites earmarked for geothermal plans
20080602,three whales frolicking off scarborough beach in
20080728,truckies sacked for stopping work
20081105,obama white house charge gathers pace
20080925,seven survive kimberley chopper crash
20080722,agriculture outlook to remain stable bureau
20080325,difficult terrain hampers search for bushwalker
20080802,south asia leaders urge joint terrorism fight
20080209,festivale expecting bumper crowd
20080605,midday reports ros childs talks to abc reporter
20080417,perth about to break 80 year weather record
20081213,hundreds of dogs die in italy kennel flooding
20080103,rudd spineless on union strike threats nelson
20080305,obama shrugs off defeats
20080330,rampant cats leave bombers in their wake
20080505,workplace inspectors put focus on illawarra
20080514,melbourne gunman named
20080528,amnesty concerned by indigenous abuse
20080613,doctor urges better community alcohol education
20080726,man dies in melbourne crash
20080414,new mine near alice could open in three years
20080911,sa health knew about radiation accident potential
20080508,lacey brother seeking bail over shooting
20080902,senior economist at westpac justin smirk on the
20080106,closer am1
20080909,henry retains same side deans optimistic
20080314,tander takes race one at albert park
20080103,nff welcomes talks with govt on drought assistance
20080218,smithton resident john hyde speaks with abc
20080410,call for more direct flights to melbourne
20080519,lewis on origin stand by for blues
20080503,nrl interview nathan hindmarsh
20080212,2 injured in png chopper crash
20081024,victorians taking a gamble
20080711,family reunited after alleged kidnapping
20080119,robbers use 4wd in jewellery heist
20080305,bashed police officer has second thoughts about
20080104,prosecutor in aurukun rape case quits
20080221,low to move away from kimberley coast
20080523,bhp billiton opens 2 billion nickel mine
20080328,waratahs save blushes against lowly cheetahs
20080811,sports coach jailed for secretly recording
20081230,defence lawyer speaks about brisbane triple murder
20081219,poor report card for tas students
20080807,un target of 2010 will not be reached by all aids
20080609,rudd repeats opec oil supply calls
20080428,black sea helicopter crash kills 20
20080623,thai pm distances himself from thaksin
20080918,china arrests 12 arrested over baby milk scandal
20080726,favre plans to return to packers report
20080611,row erupts over mcgrath evidence
20081104,balcony victims called 000
20081202,tech savvy tots love their screen time study
20080306,consumer protection body needs to be quick wa
20080111,poultry price hike inevitable
20080713,man charged over suspected murder in geraldton
20080114,three arrested for drug trafficking
20081211,council boyne smelters reject toxic waste dumping
20081227,fired up siddle removes mckenzie
20080819,minister urged to green light scone water plan
20080118,first cut fire rages near tas town
20080416,sydney animators to produce 100m guardians of
20080625,law society defends ethics after corby lawyers
20081013,mayor urges bypass planning now
20080817,cabinet debates anti corruption body
20080402,omeley primed for bulldogs assault
20080919,bennett hits out over media muck raking
20080925,police investigate jail death
20081030,man fronts court after goulbourne valley drug raids
20080828,torbay predicts power privatisation set to fail
20080817,rabbitohs stun sea eagles
20080801,rates drop predicted
20080312,williamstown fire a threat cfs
20081202,record 1m reward offered to find morcombe boy
20080605,logged after 500 years
20080618,mallee power plant proposed
20080916,third arrest over school rampage
20080302,dental health receives fed govt boost
20081127,mp airs penola bypass doubts
20080117,customs ship not up to whaling watch opposition
20081126,bligh denies locals in limbo with traveston dam
20080122,fears fisheries office closure may lure poachers
20080906,subiaco through to grand final
20080623,govt not planning school site sell off gallagher
20080903,motorcycle rider killed in crash
20081117,report co author dr michael flood on the findings
20081021,tests remain the pinnacle pietersen
20080306,philippines arrests 3 targeting aust us british
20080311,fiona lowry explains her self portrait
20081104,wheatbelt council targets dale river protection
20080717,giant squid dissection stuff of myth and legend
20080617,hulls defends educational myki campaign
20080216,bush to push aids malaria fight during africa visit
20080715,screaming heard before husbands murder
20080712,china to relax reporting restrictions
20080428,nauru govt returned to power ends deadlock
20080127,woods opens up eight shot lead in california
20080917,house may be returned to south west seat
20080609,concerns over sa desal plant
20080620,nz govt investigates leaked dangerous prisoners
20080801,10 killed in turkey school dorm collapse
20080620,govt gives more aid to china quake victims
20080205,arm chopped off in self defence jury told
20081110,armed robbery accused refused bail
20080613,aboriginal protest over state budget
20080122,tasmanians warned against eating wild shellfish
20081102,poo ice cream victim says hotel trying to
20080514,officer denies drink drive corruption claim
20080930,nats libs deny shelving kalgoorlie hospital upgrade
20081228,afghan suicide blast kills 6 wounds 36
20080910,spring lambs dying from drought cold
20080204,wa highest taxing state cci
20080726,henry nervous as smith dismisses aura talk
20080414,aboriginal community urged to cooperate with
20080408,federal program doubts put regional projects in
20080131,man fined has licence suspended for drug driving
20080124,derby sign rangers reject carroll
20080810,runner 27 dies in city2surf
20080626,debate rages over lake clean up levy
20080613,rudd yudhoyono respond to questions over aust
20080113,8yo girl critical after being trapped in pool
20080618,heritage listing for castlemaine military quarters
20080803,road safety head to resign
20081029,committee hears submissions for opal fuel rollout
20080403,family of sex attack victim give judges more power
20080611,tourism chief quits after scathing review
20080725,ryan lochte content in phelpss shadow
20080522,fuel cost prompts qantas to lift fares
20080110,vic govt promotes flexible hours to ease rail
20080616,senior coronial examiner to head up tocumwal
20080117,nt deputy opposition leader terry mills speaks
20080215,salvos want pokie numbers cut
20080721,makelele joins psg
20080123,big jump in substantiated tasmanian child abuse
20080402,full interview audio of telco analyst mark
20080514,cowboys tallis to visit top end
20081030,tourism declines during global economic crisis
20080311,health inquiry to hear from central west residents
20080616,laws price apologise for gay comments
20080114,mosquito coil blamed for house fire
20080907,wa labor nationals hold coalition talks
20080811,newbery helm fourth in 10m platform
20080725,infrastructure minister graeme sturges discusses
20080907,hurricane ike ravages caribbean islands
20081009,icac wollongong findings beyond belief
20080512,robin hood budget is a matter of housekeeping
20080225,banks boost local market
20080316,authorities search for casualties after albanian
20080204,elders rural pleased with profit lift
20081201,60 million dollar boost for nt schools
20080718,anna meares back from the brink to chase more gold
20080203,polls open for serbias crucial presidential run off
20080130,rain tops up lake glenmaggie water supply
20080404,culture centre short list announced
20080619,govt reverses fringe benefits tax ruling
20080111,iraqis declare baghdad snow a sign of hope
20080709,kidnappers of aust vietnamese man arrested reports
20080130,cameraman killed in baghdad bomb attack
20080423,ghan service back on track
20080812,new training centre for student dentists
20080617,hockeyroos squad named for beijing
20080112,guccione falls at final hurdle in sydney
20081007,aust markets reel after global turmoil
20081107,mayor fears new laws to gag councils
20080327,abc head plays down job loss fears
20080812,laidley given vote of confidence
20080511,rudds school computers pledge another burden
20080505,research offers hope for arthritis sufferers
20080622,fischer throws weight behind family first in wa
20080327,high cattle numbers keeping transporters busy
20080108,75m biofuel plant proposed for wagga
20081002,petrol commissioner satisfied with current tools
20080131,mining group calls tanami rd shocking and costly
20080324,stereotype threat affects womens driving
20080422,chinese guards will be human shields for torch
20080304,at least 92 killed in sri lankan battles defence
20080813,missing gold coast man found in cairns
20080903,15 dead in pakistani village raid
20080715,cowboys lose thurston to knee injury
20080925,guantanamo prosecutor resigns over suppressed
20080420,nrl interview tim sheens
20080802,man kills teens at wisconsin swimming spot police
20080527,go ahead for major new housing subdivision
20081125,govt remains tight lipped on nbn bidders
20081218,sa health ceo tony sherbon defends cancer
20081017,grammar and spelling back in aust schools
20080809,one in 31 blew over limit
20080715,mass concludes celebrations continue in sydney
20080918,schubert to receive olympic bronze
20080509,seminar hears about liquor laws shake up
20081015,sydneys sea sculptures unveiled
20081130,mecca pilgrims blocked from leaving gaza
20080205,judge inspects nightclub area in murder trial
20080730,govt flags tougher anti smoking laws
20080606,extended interview dianne mitchell speaks with
20081230,glenelg bridge makes shortlist
20080403,slip up may prove costly for grant district council
20080929,market sceptical of us bailout proposal
20080507,papua landslide death toll rises to 19
20080714,grain grower concern over mallee rail services
20080714,farmers concerned over garnaut report exclusion
20080523,federal water minister penny wong says the water
20080214,sa coroner critical of modbury
20081208,canberra sprinter shines at pacific school games
20080817,no zimbabwe deal reached at summit
20081228,at least 30 dead in pakistan car bombing police
20081022,govts bank guarantee premium a tax
20080902,relations with russia at a crossroads eu
20080311,dr miguel de salas on new toxic algae
20080503,new london mayor flags safer tubes tax cuts gaffes
20080128,protesters burn flag in aust day protest
20080402,one dead thousands without power in vic storms
20081213,illinois a g asks court to remove governor
20080721,police wont disclose fergusons new location
20080804,inquest begins into ghost ship
20081220,haddin bats australia to massive lead
20081103,springsteen rocks 80000 for obama
20080905,carney bolts for huddersfield
20081229,ban ki moon calls for calm as gaza hostilities
20080812,death penalty too easy for aust tourists killers
20080101,documents show frasers fears on us alliance
20080712,iraq dismisses report on israeli air drills
20080102,local morale picks up as heavy rain falls
20080120,mountain searched after angolan plane crash
20080922,brawls erupt after footy grand final
20080803,tigers claws out in 10 try bonanza
20081118,thaksin wont appeal corruption conviction
20080116,police fire shots at stolen vehicle
20081229,govt worker investigated for allegedly downloading
20080709,local market buoyed by oil prices
20080419,fever notch first up win
20080725,athlete profile lauren jackson basketball
20081216,police officer to face drink driving charge
20080103,repeat drink driver prompts police warning
20080204,police find missing teens body
20081218,kitchen garden funded to go national
20080213,for good deeds there should be no apology
20080502,new technology makes brown coal green
20080621,expand the intervention urges brough
20080627,haddin heading home from caribbean
20080513,roma desal plant opens
20080423,act unions backflip on china relationship
20080705,dellacqua falls stosur to face williams juggernaut
20080304,rapist didnt see anything wrong with sex with 11 yo
20080409,china sprays rudd over tibet human rights claims
20081113,man killed in single car accident in southern qld
20080402,derailment clean up begins
20080906,paralympics ipc chief eyes clean games
20080314,newly discovered dinosaurs enter sydney
20080326,wollongong council still considering community
20080418,cutting back on plastic bags
20081220,mourinho happy to draw united
20080607,man killed after car ploughs into pedestrians
20080404,afl preview round 3
20080620,netball club to meet minister over lost funding
20080202,fan falls 30m during twenty20
20080409,china sprays rudd over tibet human rights claims
20081012,hodge ton lifts bushrangers past sa
20080724,more chemical contaminants found in tasmanian
20081104,council to consider qlds first nude beach
20080821,wa politicians make a hash of retail trading hours
20081125,70pc of nt assaults booze related
20081113,killarney loses nurse
20080608,cancer council urges over 50s to have bowel
20080809,polls open for nt election
20080824,bhuttos widower to stand for president
20081123,scientists gather for platypus conference
20080712,dons on alert for vengeful lions
20080616,solar atlas developed for vic qld
20081001,good rainfall into dams
20080926,uefa cup to become europa league
20081217,apy board urges tough mintabie restrictions
20081011,springbok emblem dropping undetermined
20081010,resources council expects coal export downturn
20080729,skydive federation to review coroners report
20080527,church plaque acknowledges rockhamptons indigenous
20080403,haneefs lawyer renews calls for inquiry powers
20080818,miao chalks up table tennis win
20080407,smart women get married study
20080716,open letter to religious leaders
20080407,extra staff may be needed during wagga hospital
20080809,google gadgets called gateways for hackers
20080428,report a hoon hotline launched
20080222,un condemns belgrade embassy attacks
20080116,new info arises in chaser case
20080119,20 taliban killed in joint operation governor
20080512,cooper water resource plan faces review
20080208,aust project stands firm on geosequestration quest
20080718,wa truffles the new black
20080705,rice cruises to win in sydney gp
20080728,work and life index
20080206,company defends lincoln ore export plan
20080127,former indonesian president dies
20081017,disability pensioners carers to travel free on
20080811,thousands flee fighting in southern philippines
20080306,bradshaw saddles up for lions
20080922,clean coal investment a waste
20080624,fishermans illegal nets prove costly
20080229,israel issues blunt warning over rocket attacks
20081008,minister serious about planning reforms
20080805,stallions arrive post horse flu
20080418,gambling study expected soon
20080623,anf pleased with top nursing appointment
20080421,derailment hits indian pacific travel
20080413,wu shines at olympic diving trials
20081206,opposition concerned over film studios money
20080111,snipes tax trial set to begin
20081218,policeman charged with forgery
20080124,aussie joy flight closes singapore airport
20080617,australia still shines without retired stars
20081229,cahill happy to be evertons lone ranger
20080411,anti social behaviour rampant in public housing
20080205,teachers threaten action over recruiting plan
20080529,illegal yabby traps threaten platypuses
20080319,man accused of assaulting policeman too sick to
20080601,teachers to strike over pay dispute
20081103,firefighters monitor hattah blaze area
20080516,school vandalised in racist attack
20080418,police play down reports of perth gunman
20081028,season woes put grain growers under pressure
20080912,investigation into medical files
20080930,positive response to parental leave proposal
20081022,lawyers seek thaksin extradition
20081108,kiwis run down england in newcastle
20080723,irans president vows no retreat in nuclear row
20080428,broulee beach very safe despite fatal drowning
20081210,miners help market bounce back
20080224,wintery conditions fails to stop relay for life
20080404,clean coal key to vics energy future garnaut
20080114,council criticises traralgon bypass route
20081112,creek substance not considered health risk
20080925,india pakistan leaders to kick start peace talks
20080917,roxon makes no promises for new hospital
20081014,moree police consider industrial unrest in push
20081212,more repeat offenders in jail
20081021,nt govt moves to guarantee land for inpex plant
20080815,fed govt still waiting on gunns modules as
20080520,fault leaves naracoorte phones out of action
20080915,ryan wants govt to review drought aid cut
20080912,re wild nsw budget parties
20080603,woods itching for comeback
20080607,more charges laid over child porn bust
20080422,share market reverses yesterdays gains
20080927,stark reminder about road fatalities
20080218,wool task force chief heads to sweden to clear up
20080229,fire destroys bris homes
20080731,all blacks desperate to keep tri nations hopes
20080716,oil and gas conference to grill ferguson on green
20080422,court told vampire website led to rape whipping
20080329,rudd strong on iraq troop withdrawal
20080728,pylons plan distressing farming families councillor
20081212,agent orange poison found on brisbane river site
20080107,at least 14 killed in iraq suicide bombing
20080930,farmers urged to watch for locusts
20080225,bca urges belt tightening
20080604,club comradery may turn sour at euro
20080117,hewitt into third round at open
20080829,child protection authorities concerned for prison
20080419,2020 summit delegates voice their ideas for the
20080220,stoner evans lenton scoop australian sports awards
20081230,berlusconis g8 presidency under fire
20080527,players back new format for inter league carnival
20080904,group to probe boat harbour project options
20081002,club likely to appeal against smoking ruling
20080707,sa opposition leader martin hamilton smith says
20080522,more teens accused of stabbing murder
20080809,hawks prevail over languishing lions
20080625,moyne shire councillor rejects draft budget
20080608,iraqi pm urges iran to cease shiite support
20080326,diplomacy will solve whaling dispute rudd
20080128,accc slams opportunistic petrol giants
20081201,mater up beat about luring more specialists
20080814,parents of the australian medallists in the pool
20080807,outrage over schools gambling classes
20080626,yao mings bed among memorabilia being auctioned
20080915,traffic crash closes part of mitchell freeway
20080320,direct live link for remote medicos
20080905,djokovic to meet federer in semi showdown
20080305,hobbit fossils could be dwarf finding researchers
20080404,superbug infections on the rise expert says
20080811,aust commits 25b in aid to indonesia
20080124,fireworks installed for australia day
20080117,one stop shop opens for numinbah flooding victims
20080328,coalition forces bomb basra
20080508,dead baby found in car
20080421,study uncovers smell link in traumatised veterans
20081105,chappell to guide all stars
20080705,afl interview nick maxwell
20080906,kalamunda lib candidate quietly confident
20080222,gibson buys dendy cinema chain
20080721,roo attack sparks cull call
20080814,nursing home under investigation
20080624,us to carry on military trials at gitmo despite
20080119,india wins to end australian streak
20080303,ipswich city to be revamped
20080208,parliament gears up for apology crowds
20080613,legal battle bankrupts desal opponents
20080429,australian journos injured in afghan suicide attack
20080528,man gets 14 years for remorseless drug dealing
20080201,more go down with gastro
20080727,turnbull denies emissions rift
20080216,waratahs storm to victory over the hurricanes
20080905,pair escape yackandandah house blaze
20080218,govt grilled over rudd burke emails
20080910,strata slums nsw to review washing by law
20081209,dubbo council considers grant spending options
20080811,carpenter says he will serve a full term if re
20081029,bhp showcases great southern assets
20080622,resurgent blues looking to get on a roll
20080123,uranium miner waiting to see impact of stock fall
20081121,police officers walk for childrens cancer
20081112,opposition likely to back phone leak inquiry
20080828,claim patients dying because of hospital wait times
20080211,chopper delivers last clermont fodder drop
20081022,biological clock ticking for men too
20080724,users may foot bill for murray darling meters
20080209,closer pm1
20081007,union urges boycott of beaconsfield musical
20080102,man sexually assaulted in car park
20081008,australias only assassin faces court review
20081215,tough times ahead for thailands new pm
20080428,global food crisis sparks us survivalist resurgence
20080703,husband seeks bail over wifes murder
20081021,china raises concerns over aust foreign investment
20080829,man accused of albany cannabis cultivation
20080814,fiji fuel prices to drop after government move
20080119,israeli strike kills two more gaza militants
20080924,teachers pull out of pay negotiations
20081106,green power for cape barren
20081204,dpi cleared over hendra virus handling
20080128,alice group pleased stolen generations apology
20080627,g8 foreign ministers fire warning on zimbabwe
20080425,china to meet dalai lama envoys reports
20080823,obama waits to announce v p pick
20080218,personal attacks
20080229,japan moves to strenghten standing at iwc
20080110,engineers defer qantas industrial action
20080416,exhibition bridges memories of chinese migrants
20080530,50 venues exempt from vic lockout after protest
20080518,stormers edge out wooden spooners
20080204,more action needed to tackle afghan opium trade un
20080621,lyon hails young saints
20080610,new ceo for hartz
20080104,aust making headway in afghanistan says army chief
20080628,pms help sought for patel extradition
20080508,water usage issue not political brisbane opposition
20080506,qbe extends merger deadline
20080901,police investigate retirement village death
20080505,public servants in north to vote on pay deal
20080811,fiji high commissioner pays tribute to former
20080627,plans afoot for new cooma cemetery
20080305,accc probes jb hi fi store opening
20080125,rogue trader driven by desire to perform
20081213,rescuers cannot find missing wa climber
20080902,murray set to meet critical human needs
20081220,us files legal action against chinas export policy
20081205,report backs refugee detention changes
20080419,gillard brings school plan to summit
20080109,heat warning for victoria
20080306,green light for cherry exports to us
20080310,bushrangers go in as underdogs white
20080208,health service says financial position sound
20080602,urgent work needed to save burma cyclone victims un
20080903,princess mary opens 80m research centre
20080324,multi million dollar windfall for tmag
20080613,mumbai slum to become high rise estate
20080101,un urges restraint from kenya govt
20080317,double standards
20081017,welfare quarantining benefits nt communities
20080101,sa police busy with new year celebrations
20081127,protest group denies intimidating pipeline workers
20081119,coonan says rudds asia pacific plan a waste of time
20080106,floods threaten south east qld
20080715,rape in marriage not recognised by victims police
20080117,interview rp singh
20080804,john coates on the ticketing scam
20080127,former indonesian president dies
20081216,richmond revives cousins career
20080203,sri lanka wants better security after egg attack
20080430,public servants await wage offer
20080929,british olympic chief lauds aussie sporting spirit
20080521,primary industries minister david llewellyn talks
20081008,climate change grants on offer for manufacturers
20081105,govt attacked over timing of budget update
20080415,raa analyst matthew hanton doubts a fuel watch
20081001,jacobs wants wellington dam desalination
20080307,macgill back in style
20080706,art magazine uses naked child on front cover
20080713,sydney man dies in unit fire
20081113,fuelwatch furore
20080211,mp concerned landholders to miss out on wind farm
20080601,super kings charge into ipl decider
20080520,hydros 1b debt ok auditor
20081215,thai opposition leader wins pm vote reports
20081223,shattered window closes pitt street
20080312,japanese opposition block central bank governor
20080520,man refused bail over mother stepfather stabbing
20080815,kelly to go for gold in beijing
20081008,resorts to cater for higher end of tourism market
20080717,patel on way back to australia
20080221,perilya cbh in merger talks
20080903,pakistani pm escapes assassination attempt
20080514,freys new fiction receives mixed reviews
20080701,push to scrap country health plan
20080530,credit growth remains weak across australia
20081019,2 motorcyclists killed 1 injured on qld roads
20081001,teens face court over bashing
20080505,6 kiled in sadr city clashes medics
20080304,audio highlights australia v india
20080721,no inquest into danish backpackers death
20080821,residents spared from pipeline corridor
20080331,most public submissions support scarborough
20080215,troubled youth release music cd
20080620,greens stand by preferences snub
20080517,diplomats promised tour of cyclone hit delta
20080514,atms ban may ease problem gambling lifeline
20080519,indigenous depression linked to cannabis use
20081104,freight train derailment sparks blaze
20080305,judge reserves decision in assault case
20081219,rockets fired in gaza strip after hamas ends
20080128,australian artist bags comics prize
20080602,urgent work needed to save burma cyclone victims un
20080207,tourism australia looks beyond controversial
20080625,two dead in pinjarra crash
20080604,emissions trading scheme will impact on prices
20081031,ipswich rail services partially restored
20081114,national gallery receives generous bequest
20080317,keep kids at school till 18 della bosca
20080328,first cut pm talks about global economy defends
20081223,skydiver still critical after crash landing
20081119,extended interview jon stanhope speaks with 666
20081203,more resources needed for aboriginal health
20080917,fed govt urged to deliver keith hospital funds
20081113,qld police chief concerned over sexual assault
20080228,85yo charged with nursing home murder
20080220,petratherm chief talks up hot rocks potential
20080311,at least 23 killed in lahore blasts
20080214,methadone death mum walks free
20081004,pedestrian killed in hobarts north
20080109,police investigate car break ins
20080807,jail rogue jurors law society
20081104,traders reject bunnings assurances
20080822,anz follows nab in rates cut promise
20080121,drugs here to stay in cycling official
20080818,champs germany into womens hockey semis
20081115,kangaroos hunting perfection price
20080623,oppn to attack govts emissions scheme
20081017,rudd moves to ease economy fears
20080701,china dalai lama envoys resume talks
20080423,police probe pharmacy hold up
20080215,homeless complex not finished
20080826,listen to terry ryan describe working conditions
20080312,fears colac otway council not maintaining roads
20080408,courageous boy describes fatal shark attack
20081019,bateup eckstein win coolangatta gold
20080825,zimbabwe opposition wins key speaker post
20080309,groves to address abc learning directors
20080609,environmental flows for sa murray
20081023,bendigo students expected to behave as classes end
20081103,woman killed in mt cotton road accident
20081205,land set aside for second margeret river school
20080506,prisoners able to vote under electoral law changes
20080603,missing trail bike riders found safe and well
20080914,woman still in custody over darwin stabbing death
20080409,union says coal prices unsustainable
20080121,springborg elected to lead qld nationals
20080522,un chief holds constructive meeting with burmas pm
20081117,p plater laws keep people alive
20080304,mp meets new port macquarie administrator
20080106,notorious qld road claims 4
20080112,democrats launch annual youth poll
20080408,coma man released from hospital
20081011,some countries in a depression medvedev
20080716,carbon tax could cost latrobe power companies 2
20080708,new chairman to take over dampier port authority
20080429,mccubbin painting added to national gallery
20080707,new potato causes stir in scientific circles
20080306,accused murderer granted bail
20080422,tasman eco lodge to be challenged
20080418,doctors must report underage sex amaq
20080620,electricity price hike
20080421,pakistan tests nuclear capable ballistic missile
20081205,convicted killer appeals against life sentence
20080221,record profit for adtrans
20080310,stateline albert hall turns 80
20081221,two hurt in cherry picker fall
20080627,hunter girl treated for suspected meningococcal
20081024,west bank economic crisis ever deeper world bank
20080212,queensland tourism hit by wild weather
20080502,stoner just off the pace in china
20081212,upgrade medical flights urges katherine mother
20081102,saints hand out belting to darwin
20080507,apy lands
20080317,rookie hughes hammers bushrangers
20080707,traffic only concern for rokeby development
20080814,catholic priest abused 18 boys
20080623,qld construction workers stop work over safety
20080713,some parents creating unhealthy fear over ferguson
20080208,the other stolen generation
20080420,nrl interview tim sheens
20080305,country teachers rally for more pay
20080525,danish royals celebrate another wedding
20080219,minister demands answers over bathurst hospital
20080123,ggs ice dream licked by bad weather
20080313,producers look to mulesing alternatives
20080414,dry murray reveals past secrets
20080508,mixed reaction to budget
20081010,grim water forecast for northern victoria
20080319,train derailment investigation
20080101,new year welcomed in with fanfare
20080324,revealed libs took back pamphlet accused
20081127,jail term for assault of pensioner
20080710,boomers crush brazil in final warm up
20080617,roar secure dutch firepower
20080701,philippines ferry captain may be alive and hiding
20080801,afp wont release haneef documents keelty
20080315,missing uk girl found alive and well
20080719,nrl interview nathan friend
20081002,club to control randwick racecourse for 99 years
20080625,bendy buses safe says nsw transit body
20081104,mccain heats up in last round
20080616,mp denies leaking cmc letter over beattie rose
20080831,new orleans evacuates for mother of all storms
20080617,darcy vows to cheer former team mates
20080715,aust economy stable but housing could bite moodys
20080713,south korea demands explanation of tourists killing
20081205,man jailed for nightclub stabbings
20080606,kaine state funeral to be held wednesday
20080113,8yo girl critical after being trapped in pool
20080922,man accused of driving car at police
20080324,mugabe accused of rigging elections
20080509,police arrest burmese embassy protesters
20080116,aussie kayakers return to heros welcome
20080602,stepdad brought kids on body dumping trip
20081001,financial crisis to dominate coag barnett
20080705,fishermen survived for 15 hours by clinging to esky
20081012,france portugal in cup struggle
20080913,medvedev compares georgia conflict to sept 11
20081020,nt public housing concerns
20081104,concerns raised over centrelink monitoring gamblers
20080323,teen inmates found after botched jail escape
20080816,majewski wins shot put gold
20081109,djokovic opens masters cup with victory
20080526,north west roofs lost in storm
20080220,council investigates tree of knowledge mystery
20081103,the opposition says no sign of construction on new
20080624,deadline looms for beaconsfield projects
20081001,last terrorist standing
20080403,swimming australia will support aoc on darcy
20080604,iron ore project hires indigenous workers
20080111,farmers brace for latest rate hikes
20080221,hope for wagga hospital to get public private
20081023,campaign targets water buyback scheme
20081117,big uranium find in the top end
20080627,climate change fight needs political ardour
20080311,hotel workers suffering poor conditions wages union
20081230,gaza violence driving oil prices up
20080425,mayor says council acting on reports
20080815,warning about chinese medicine
20080919,business fears wages pressure
20080502,conveyancer accused of stealing millions
20081031,sinclair davidson and treasurer michael aird talk
20080222,man to front court over 16 hour siege
20081117,aaron eckhart leading action movie for first time
20080821,15 people killed in mexico violence
20081127,mackay abc learning centres safe
20080508,welfare group highlights drought impact
20081214,search resumes for man in bremer river fall
20081030,man fronts court after goulbourne valley drug raids
20080404,commonwealth bank raises interest rates
20080101,firefighters battle to contain deadly wa blaze
20080601,charlie sheen ties knot reports
20080205,canola growers worried about gm crops
20080625,gemma beadsworth young but not wet behind the ears
20080610,nepal king will leave palace gracefully
20080818,japan seeks to arrest sea shepherd activists
20080929,thai storm survivors begin journey home
20080707,uncontrolled airspace becoming a trend pilots
20080521,nine years jail for arrogant orkopoulos
20081017,distance not a worry rawiller
20081105,thousands flock to chicagos obama rama
20080319,senate to monitor nt intervention
20080218,truss unimpressed by pac national grain pull out
20080620,aust pledges support for offensive against abu
20080212,first cut brendan nelson praises opening ceremony
20080417,watch the dili reception for jose ramos horta
20080123,two feared dead in house fire
20080423,indonesian women lobby for polygamy ban
20080930,pair arrested over suspected hotel robbery
20080304,watch warren buffetts interview
20080410,too many politicians speeding lucas
20081208,turnbull slams nsw labor copycat rudd
20080916,shoppers short changed on refunds
20081013,mayor not keen on merger
20080204,closer pm
20080702,18 killed in china coal mine collapse
20080827,bitumen spill sparks highway clean up
20080819,18 miners dead in china accident
20081114,market claws back ground at close
20080901,iraq takes control of sunni anbar from us forces
20081103,residents oppose lake illawarra housing plan mp
20081217,mayor laments bowen basin job cuts
20080419,arms ship leaves safrica after court ruling
20080101,closer am1
20081117,court told of kill contract on missing man
20080520,farmers welcome prospect of clyde water
20081017,macadamia farmer destroys weeds
20080925,bush sells us rescue plan
20081106,balcony victims mum shares memories grief
20080405,no verdict in diana inquest
20081106,police car rammer jailed
20080917,chinas paralympics draws to an end
20080703,ledger generates oscar buzz before films release
20080128,floods no threat to rocky meat plant
20080524,rubbish and burn offs top community complaints
20080718,racism hampers job opps report
20080507,aus govt pledge 3m to burma
20080926,qantas management reshuffle ahead of dixons
20080112,qlders urged to stay out of somerset dam
20080104,average to high rainfalls in 2007
20081105,doubts cast over lesbian student teacher affair
20080505,east timor coalition loses majority
20080203,southern stars fall short against england
20081008,qantas counts the cost of inflight drop
20080403,push for mount morgan to become next maleny
20080603,archer to referee origin ii
20080313,israeli palestinian truce in doubt
20080920,soaring gold price could save nt mining operation
20080926,high grade molybdenum deposits found
20080917,teens face court over school knife threat assault
20080117,a new wave of violence erupts in kenya
20080421,darcy hopeful of olympic position
20081014,treasurer kevin foley tells reporters about sa
20080727,foster carer shortage highlighted by opposition
20080108,cowan defence contractor represented at
20081119,rayney damages could run into millions analyst
20080319,radical action needed to curb us economic downturn
20080226,shrimp like krill found in antarctic depths study
20080413,demetriou tight lipped on hall incident
20080409,national olympic committees say no to beijing
20081027,country task force hears rural health worries
20080229,nine appeals against underbelly ban
20080615,first army controlled dump opens in naples
20080904,sawmill closure to cut jobs
20080829,obamas former classmates form support group in
20080825,rape suspect accused of assault
20080423,khmer rouge leader fronts genocide tribunal
20080703,self funded retirees face financial challenges
20080714,anglers concerns canvassed
20080324,motorcyclists doing double speed limit
20080624,17yo arsonist has sentence reduced
20081213,man jumps into river to dodge police
20081022,premier to meet dpp
20080715,vietnam confirms australian heroin arrest
20081003,gillard hails 2020 idea becoming reality
20080717,public schools go solar
20080215,federal opposition undemocratic cpsu
20080308,one killed in sydney harbour boat crash
20080225,rockhampton ses crews on standby for more rain
20080813,qantas denies 737s grounded because of safety
20080501,langer webcke hired as broncos assistants
20081017,mehrab rahim help bangladesh defy nz
20080914,pope leads 260000 in paris mass
20081205,govt ramps up split coalition attacks
20080126,ama pushes for national obesity plan
20081218,kitchen garden funded to go national
20080519,bundaberg rum company criticises alcopop tax
20080330,sharks strike twice to give reds the blues
20080425,first dawn service held for troops slain in france
20081014,govt loan scheme to weather financial storm
20080104,clinton shrugs off defeat
20080827,greenpeace ship spreads anti logging message in png
20080311,pakistan cricket tour cancelled
20080229,le cornus sold
20080823,nt opposition backs pacific labour scheme
20081027,melbourne cup hope injures leg
20080205,back to school vaccination reminder
20080507,budget delivers mixed bag for north east vic
20080825,randwick officially returns to racing
20081123,top cops in mallard case demoted
20080219,motorist questioned over road rage on cyclists
20080503,highlanders record second win
20080908,barossa worries on vineyard tax break
20081219,woman brutally bashed after disturbing car thieves
20081223,couple charged over cocaine cannabis haul
20080530,henson photo fetches 5k at auction
20081113,landmark case opens up compensation claims for f
20080118,un criticises burmas slow progress
20080828,health education should come before trams bowler
20080118,al qaeda tribal leader behind bhutto assassination
20080301,men critically injured by tomahawk attack
20080923,watch adam cooneys acceptance speech
20081007,australian share market rebounds
20080221,super shires bill unveiled
20081220,uk court rules murder suspects can be tried in iraq
20080212,schultz angry over sorry wording lateness
20080721,man charged over double fatality
20081118,residents fight forest grazing ban
20080901,mining towns struggle to build infrastructure
20080802,china begins a slow process of opening up the
20080830,dockers carr keen to return to port
20080430,court gives go ahead for lawyers pulp mill
20081201,concerns aired over juvenile justice centre
20080805,tiger plans for 50 sa jobs
20080116,more regulation sought for indoor tanning industry
20080225,cornes reveals painful saga during election
20080508,alliance up beat about oakajee deep water port
20081202,regional nsw braces for more locusts
20080707,big crowd farewells murdered firefighter
20080707,car thefts trigger police warning
20080608,lyons wraps on hot dogs
20081020,clubs flag opposition to alcohol licensing changes
20080117,telstra continues battle to obtain govt documents
20080413,terrigal crash leaves five seriously injured
20080715,contract dispute forced my hand gasnier
20080911,dr ray russo on benefits of new rehabilitation
20081110,car union welcomes sa industry boost
20080516,housing key to retaining rural medical staff govt
20080917,teens face court over school knife threat assault
20080901,stranded walkers rescued from snowy mountains
20080625,bodies found of 22 abducted by pakistani taliban
20080723,serbia must catch other war crimes suspects eu
20080814,pialligo av overpass ahead of schedule
20080414,bryce to tackle indigenous inequality
20080927,nrl interview greg inglis
20080302,brumbies thrash reds
20080907,serbian opposition leader steps down
20080130,lonely japanese man calls directory assistance
20080927,terror suspects arrested in cologne
20081023,child health report card
20080214,day care hostage taker surrenders to police
20080913,old boat given new lease on life
20080930,garnaut report
20080713,stoner takes fourth straight pole
20080222,illegal renovation fine a warning to others
20080208,tas petrol price predicted to fall within days
20080620,warragamba dams 36m facelift
20080628,woman tells of the pain of killing best friend
20081003,financial advisor chris elliot speaks to the abcs
20080913,melbourne win marred by spitting incident
20080817,new charge for virgin customers
20080906,pakistan warns us of retaliation over strikes
20080919,charges dropped against pan founder
20080810,muslim separatists suspected in china blasts
20080606,accused sept 11 mastermind welcomes death penalty
20080603,elders decline to have beach bones dated
20080409,public housing tenants to get health check calls
20080213,worse than halal methods
20080420,panthers have close win over sharks
20080828,thai protesters defy pms ultimatum
20080201,syd police investigate officer shooting
20080703,indigenous inmates need to maintain country
20080127,winery stabbing suspect in hospital after going
20080420,man dies after 21st birthday stabbing
20080712,doctors pull screws nails from metal eating man
20081107,dr congo accuses un of doing nothing
20080213,ngarrindjeri community members witness apology
20080110,pit bull victims family wants to thank rescuer
20080506,conservationists support qld opposition water
20080706,swim team put through its paces before olympic
20080531,church investigating if cancer cure was a miracle
20080529,classification board to look into online henson
20080628,romanian 11 year old can legally abort pregnancy
20080730,new qld governor penny wensley speaks about her
20080710,ama concern at hospital waiting times
20080201,ballarat rail station tenders to be announced soon
20081030,gambhir watson to face disciplinary hearing
20080501,govt fines electricity companies over billing
20080812,olympics reporter lisa millar spoke to leisel
20081229,saddams top brass facing new charges
20080812,legal action planned over st kilda triangle
20080323,fitzgibbon keen on us f 22 raptors
20081022,parliament condolence for hilda muir
20080622,no plea decided for missing drug dealer
20080605,dams unlikely to reach 40pc
20080420,darwin babys death suspicious
20080508,rudds bodyguard manhandles journalist
20081209,miner considers exporting from port adelaide
20080304,council plan to rid roads of cars
20081107,council monitors abc leaning fallout
20080317,teachers urge govt to stem school violence
20080208,shire criticises plan to stop fast train at bunbury
20081111,school girl bitten by panda
20080220,alp ir bill before senate inquiry
20080601,bolt streaks to new world 100m mark
20080623,anf pleased with top nursing appointment
20080610,qld accused of badgering referee
20080229,hmas sydney search underway
20080208,worldwide demand for coal set to continue redc
20080603,mp wants more community say on rail revamp
20081128,schoolies urged to check friends after missing
20081019,belgium smashes people smuggling ring
20080916,muscat defends alleged spitter
20080908,crows ceo steven trigg tells 891 abc there will be
20081026,probe clears imf chief strauss kahn in affair
20081124,climate change starfish hit fiji reefs study
20080115,first cut pm to discuss plans to deal with
20080126,us democrat pushes for tv video game fat tax
20081206,do not disturb eggs mp slams britains oddest new
20080722,ryan bayley junk food junkie to genuine athlete
20080202,study links child care quality stress hormones
20080109,katherine river continues to fall
20080701,smith in vietnam for trade talks
20081222,new low to hit darwin
20080401,man jailed for fatal road crash
20080521,afants warren de with speaks with abc darwins
20080313,socgen trader released
20080522,alternatives for public hospitals released
20080902,missing humanitarian plane found crashed in congo
20080303,brain research among nhmrc grants
20081221,sydney fc has point to prove fyfe
20081024,lightning remain unbeaten in wnbl
20081222,hair care millionaire in court over 21 sex charges
20080307,verbeek to use singapore warm up as qualifier trial
20080114,vic govt urged to boost gippsland lakes protection
20081229,cuba blames low economic growth on external factors
20080525,chelsea sacks manager grant
20080824,china certain of most olympic golds
20080926,perth man avoids jail over child porn charges
20081010,qantas workers to negotiate new contract conditions
20080127,pakistan tightens nuke security
20081016,fromelles gravesite expected to be complete by 2010
20081229,new nt uranium project could rival ranger
20080502,bush approval slumps to new low
20080320,push for bilbies to oust rabbits this easter
20081229,mountain bike star prepares to defend title
20080806,chinese get thumbs up from fahey
20081217,nsw govt to legalise cage fighting
20081007,federal push to expand natural reserves
20080126,territorians recognised in aust day awards
20080425,high inflation figures good news for nt
20080717,pearse warns of greenhouse mafia influence
20080701,s korea agrees to pay 80pc more for rio ore
20080415,sir frank little farewelled at melbourne service
20080806,excellence homes to be liquidated
20080904,bartlett keen on car pooling
20081104,council hopes for clearer future
20081221,new funding announced for homeless
20081006,headless corpse found on indonesian bus police
20080815,indonesia detains afghan asylum seekers bound for
20080822,quake hits north of tokyo
20080109,bucknor gets support from hair clark
20080414,investigation begins into boat sinking
20080711,murray forecast puts crops in doubt
20080725,hospital taskforce meets
20080304,conflict resolution experts called in for whaling
20080214,youth service says federal funds could be better
20080821,gunns tipped to make capital raising announcement
20080303,cops crack copper racket
20080502,unions reject power sell off compromise
20080513,critics welcome changes to qld land rights bill
20080328,man arrested over strip club shooting
20080526,receivership not expected to cause big water
20080820,russias ilchenko wins womens 10km swim gorman 15th
20081121,the premier flags new direction for corruption
20080417,watch the pope address us bishops
20080131,nationals johnson hobbs not ready to go yet
20080704,disgraced councillor avoids jail sentence
20081021,man charged over bilambil heights bashing
20081222,esperance fish declared safe to eat
20080118,no apology from baghdatis in anti turkish row
20081111,hope for telescope to benefit indigenous learning
20080703,alan jones to undergo surgery for cancer
20080729,ten dead as two buses collide in philippines
20080601,coelho biography stirs controversy in brazil
20080121,government blamed for low housing affordability
20080910,bendigo man on braybrook murder charge
20080621,russian drunk driver takes policeman for a ride
20080513,changing eating habits
20080222,marist brother pleads guilty to assaulting boys
20080121,gocup upgrade could begin within 2yrs kelly
20080319,china happy with aust investment policy rudd
20081110,ses volunteers awarded for flood assistance
20081025,heat wave to hit sa
20080414,one punch trial told police have wrong man
20081220,nine militants killed in afghanistan official
20080221,mp wants independent board to control indigenous
20080619,vandals delay oakey water scheme
20080908,australian netball team named the diamonds
20081015,court told thomas kept in kennel sized cell
20081017,market losing momentum
20080916,rba minutes raise doubts over more cuts
20081111,desert danger forces outback shutdown
20080812,mens eight overcomes jitters to reach final
20081022,republicans best for america
20080627,thirty false killer whales beached in thailand
20080508,bid to end north haven weed infestation
20080825,holy row church put on notice for unconventional
20080916,rba minutes raise doubts over more cuts
20080529,kings given payments deadline
20080312,new mcg museum opened
20080904,labors polling hasnt improved premier
20080524,education more important than olympic gold
20080816,chinas champion zhang takes badminton gold
20081212,mumbai residents in human chain protest over
20080528,airport security breach sparks police warning
20081215,teachers christmas gift for rann
20080128,carey questioned over assault
20080830,adelaide easily accounts for phoenix
20080325,victorian premier john brumby talks about new
20080708,journalist protection not a priority carpenter
20081213,romania economist stolojan picked as pm
20080916,second man gives evidence in wrongful imprisonment
20080516,qld justice system in need of review opposition
20080805,bush signs libya terrorism compensation law
20080426,business as usual for nab
20080223,bankers jailed for enron related fraud
20081030,dubbo hospital nominated for award
20081103,industry groups optimistic about act house market
20080102,india rock aussies after lunch
20080618,new mayor elected to wellington council
20080506,cameras promise nowra security boost
20080124,crash driver in court the day before on numerous
20080225,palestinian protesters form human chain
20080806,time for an r18 video game rating
20080601,woman bashed outside darwin shopping centre
20081122,search on for 19yo missing in bushland
20080213,survey shows farmers more up beat about fortunes
20080126,poland postal delivery as slow as snails
20080707,man hands himself in over london student killings
20081214,man badly injured in alice fight
20080522,former westpac manager jailed over fake us bonds
20080101,australia welcomes in 2008
20080606,charges expected over flare scare
20080629,tour rookie larrazabal leading at french open
20080227,bali thief admits murdering sydney woman
20080315,aust museum goes back in time
20081110,mp faces fifth intimidation complaint
20080201,anger over land tax changes
20080612,uk official suspended after losing top secret
20080517,china opens borders to foreign rescuers
20080415,sa independent mp kris hanna welcomes a national
20081104,water discolouration not expected to change
20080223,cruising queen docks at circular quay
20080122,mother shattered by daughters crash deaths
20080926,police quiz man over fisherman bashing
